<?xml version="1.0" encoding="UTF-8"?>
<DARoots Version="1" Minor="26">
  <FileSet Name="dynamic_i#fsm" Type="Reconfig" RelSrcDir="$PSRCDIR/dynamic_i#fsm">
    <Filter Type="Srcs"/>
    <File Path="$PPRDIR/../../../../../../../../../../Projetos/ex1/SimplesFinal/Synth/DynFSM/DynFSM.ngc">
      <FileInfo>
        <Attr Name="UsedInSynthesis" Val="1"/>
        <Attr Name="UsedInImplementation" Val="1"/>
      </FileInfo>
    </File>
    <Config>
      <Option Name="DesignMode" Val="RTL"/>
      <Option Name="TopAutoSet" Val="TRUE"/>
    </Config>
  </FileSet>
</DARoots>
