<?xml version="1.0" encoding="UTF-8"?>
<DARoots Version="1" Minor="26">
  <FileSet Name="constrs_in" Type="Constrs" RelSrcDir="$PSRCDIR/constrs_1">
    <Filter Type="Constrs"/>
    <File Path="$PPRDIR/../../../../../../../../../../Projetos/ex1/SimplesFinal/Sources/UCF/KC705_Rev1_0_U1.ucf">
      <FileInfo>
        <Attr Name="UsedInSynthesis" Val="1"/>
        <Attr Name="UsedInImplementation" Val="1"/>
      </FileInfo>
    </File>
    <File Path="$PPRDIR/../../../../../../../../../../Projetos/ex1/SimplesFinal/PlanAhead/PlanAhead.data/constrs_1/designprops.xml">
      <FileInfo SFType="CompatPartsDb"/>
    </File>
    <File Path="$PPRDIR/../../../../../../../../../../Projetos/ex1/SimplesFinal/PlanAhead/PlanAhead.data/constrs_1/usercols.xml">
      <FileInfo SFType="UserColsDb"/>
    </File>
    <Config>
      <Option Name="TargetConstrsFile" Val="$PPRDIR/../../../../../../../../../../Projetos/ex1/SimplesFinal/Sources/UCF/KC705_Rev1_0_U1.ucf"/>
      <Option Name="ConstrsType" Val="UCF"/>
    </Config>
  </FileSet>
</DARoots>
