<?xml version="1.0" encoding="UTF-8"?>
<DARoots Version="1" Minor="26">
  <FileSet Name="sources" Type="DesignSrcs" RelSrcDir="$PSRCDIR/sources_1">
    <Filter Type="Srcs"/>
    <File Path="$PPRDIR/../../../../../../../../../../Projetos/ex1/SimplesFinal/Synth/Top/Top.ngc">
      <FileInfo>
        <Attr Name="UsedInSynthesis" Val="1"/>
        <Attr Name="UsedInImplementation" Val="1"/>
      </FileInfo>
    </File>
    <File Path="$PPRDIR/../../../../../../../../../../Projetos/ex1/SimplesFinal/PlanAhead/PlanAhead.data/sources_1/hd.xml">
      <FileInfo SFType="HDDb"/>
    </File>
    <File Path="$PPRDIR/../../../../../../../../../../Projetos/ex1/SimplesFinal/PlanAhead/PlanAhead.data/sources_1/ports.xml">
      <FileInfo SFType="PortsDb"/>
    </File>
    <File Path="$PPRDIR/../../../../../../../../../../Projetos/ex1/SimplesFinal/PlanAhead/PlanAhead.data/sources_1/chipscope.xml">
      <FileInfo SFType="ChipscopeDb"/>
    </File>
    <Config>
      <Option Name="DesignMode" Val="RTL"/>
      <Option Name="TopModule" Val="Top"/>
    </Config>
  </FileSet>
</DARoots>
