<?xml version="1.0" encoding="UTF-8"?>
<DARoots Version="1" Minor="26">
  <FileSet Name="dynamic_i#fsm" Type="Reconfig" RelSrcDir="$PSRCDIR/dynamic_i#fsm">
    <Filter Type=""/>
    <File Path="$PSRCDIR/dynamic_i#fsm/imports/DynFSM/DynFSM.ngc">
      <FileInfo>
        <Attr Name="ImportPath" Val="$PPRDIR/../../../../../../../../../../Projetos/ex1/SimplesFinal/Synth/DynFSM/DynFSM.ngc"/>
        <Attr Name="ImportTime" Val="1386431688"/>
        <Attr Name="UsedInSynthesis" Val="1"/>
        <Attr Name="UsedInImplementation" Val="1"/>
      </FileInfo>
    </File>
    <Config>
      <Option Name="DesignMode" Val="GateLvl"/>
      <Option Name="GateLvlMode" Val="EDIF"/>
      <Option Name="TopFile" Val="$PSRCDIR/dynamic_i#fsm/imports/DynFSM/DynFSM.ngc"/>
      <Option Name="TopAutoSet" Val="TRUE"/>
      <Option Name="Partition" Val="dynamic_i"/>
      <Option Name="ReconfigModule" Val="fsm"/>
    </Config>
  </FileSet>
</DARoots>
