<?xml version="1.0" encoding="UTF-8"?>
<DARoots Version="1" Minor="26">
  <FileSet Name="sources_1" Type="DesignSrcs" RelSrcDir="$PSRCDIR/sources_1">
    <Filter Type="Srcs"/>
    <File Path="$PSRCDIR/sources_1/imports/Top/Top.ngc">
      <FileInfo>
        <Attr Name="ImportPath" Val="$PPRDIR/../../../../../../../../../../Projetos/ex1/SimplesFinal/Synth/Top/Top.ngc"/>
        <Attr Name="ImportTime" Val="1386431709"/>
        <Attr Name="UsedInSynthesis" Val="1"/>
        <Attr Name="UsedInImplementation" Val="1"/>
      </FileInfo>
    </File>
    <File Path="$PDATADIR/sources_1/hd.xml">
      <FileInfo SFType="HDDb">
        <Attr Name="ImportPath" Val="$PPRDIR/../../../../../../../../../../Projetos/ex1/SimplesFinal/PlanAhead/PlanAhead.data/sources_1/hd.xml"/>
        <Attr Name="ImportTime" Val="1386435590"/>
      </FileInfo>
    </File>
    <File Path="$PDATADIR/sources_1/ports.xml">
      <FileInfo SFType="PortsDb">
        <Attr Name="ImportPath" Val="$PPRDIR/../../../../../../../../../../Projetos/ex1/SimplesFinal/PlanAhead/PlanAhead.data/sources_1/ports.xml"/>
        <Attr Name="ImportTime" Val="1386431928"/>
      </FileInfo>
    </File>
    <File Path="$PDATADIR/sources_1/chipscope.xml">
      <FileInfo SFType="ChipscopeDb">
        <Attr Name="ImportPath" Val="$PPRDIR/../../../../../../../../../../Projetos/ex1/SimplesFinal/PlanAhead/PlanAhead.data/sources_1/chipscope.xml"/>
        <Attr Name="ImportTime" Val="1386431928"/>
      </FileInfo>
    </File>
    <Config>
      <Option Name="DesignMode" Val="GateLvl"/>
      <Option Name="TopModule" Val="Top"/>
      <Option Name="HDFlow" Val="TRUE"/>
      <Option Name="PRFlow" Val="TRUE"/>
    </Config>
  </FileSet>
</DARoots>
