<?xml version="1.0"?>
<PartialReconfig Version="1" Minor="8">
	<Partitions>
		<Partition Name="top" Reconfigurable="FALSE" PromotedLocation="$PROMOTEDIR/Xfsm">
			<Partition Name="dynamic_i" CurrPRModule="counter" Reconfigurable="TRUE">
				<PRModule Name="fsm" PromotedLocation="$PROMOTEDIR/Xfsm">
				</PRModule>
				<PRModule Name="counter">
				</PRModule>
				<PRModule Name="blank" Blackbox="TRUE">
				</PRModule>
			</Partition>
		</Partition>
	</Partitions>
	<Configs>
		<Config Name="fsm" State="INITIAL" PromotedLocation="$PROMOTEDIR/Xfsm" RunType="Implementation">
			<PRConfigInst PRInst="top" State="IMPLEMENT">
			</PRConfigInst>
			<PRConfigInst PRInst="dynamic_i" PRModule="fsm" State="IMPLEMENT">
			</PRConfigInst>
		</Config>
		<Config Name="counter" State="INITIAL" RunType="Implementation">
			<PRConfigInst PRInst="top" State="IMPORT" ImportLocation="$PROMOTEDIR/Xfsm">
			</PRConfigInst>
			<PRConfigInst PRInst="dynamic_i" PRModule="counter" State="IMPLEMENT">
			</PRConfigInst>
		</Config>
		<Config Name="blank" State="INITIAL" RunType="Implementation">
			<PRConfigInst PRInst="top" State="IMPORT" ImportLocation="$PROMOTEDIR/Xfsm">
			</PRConfigInst>
			<PRConfigInst PRInst="dynamic_i" PRModule="blank" State="IMPLEMENT">
			</PRConfigInst>
		</Config>
	</Configs>
</PartialReconfig>

